model,src_lang,dst_lang,test_src,train_src,Example Selection,file ID,BLEU,COMET,chrF,chrF++,CMT-22,CMT-QE,off-target rate
BLOOM 7B,hin_Deva,eng_Latn,FLORES,Samanantar,Random Selection,BRI050SGCO,20.73,0.4452,48.7,46.28,0.8344,0.3944,2.27
BLOOM 7B,hin_Deva,eng_Latn,FLORES,Samanantar,BM25,G6RK0LCKJ7,22.18,0.4518,49.69,47.29,0.835,0.3951,1.48
BLOOM 7B,hin_Deva,eng_Latn,FLORES,Samanantar,R-BM25,32XWCFR6XH,21.52,0.452,49.15,46.8,0.8351,0.3975,2.27
BLOOM 7B,hin_Deva,eng_Latn,FLORES,Samanantar,CmtQE-InSrc,JYUSALD6N8,20.78,0.4477,48.56,46.17,0.8349,0.4098,2.37
BLOOM 7B,hin_Deva,eng_Latn,FLORES,Samanantar,CmtQE-InTgt,PZ58KWNW72,21.71,0.4807,49.55,47.2,0.8406,0.4209,1.98
BLOOM 7B,hin_Deva,eng_Latn,FLORES,Samanantar,CmtQE-SrcTgt,CZFJ8IK12V,21.71,0.4884,49.85,47.49,0.8424,0.4116,1.09
BLOOM 7B,hin_Deva,eng_Latn,FLORES,Samanantar,chrF-InSrc,KXMYQQ78FH,22.09,0.4341,48.96,46.67,0.8323,0.3922,1.78
BLOOM 7B,hin_Deva,eng_Latn,FLORES,Samanantar,LaBSE-InSrc,0HQCTYTKT4,22.79,0.4671,50.13,47.75,0.8386,0.3988,1.78
BLOOM 7B,hin_Deva,eng_Latn,FLORES,Samanantar,LaBSE-InTgt,OUZG4RN2XE,22.7,0.4736,50.17,47.81,0.8403,0.4041,1.28
BLOOM 7B,hin_Deva,eng_Latn,FLORES,Samanantar,LaBSE-SrcTgt,ZDF4U20915,21.89,0.4812,50.5,48.05,0.8397,0.3857,1.68
BLOOM 7B,hin_Deva,eng_Latn,FLORES,Samanantar,ScAvg (3-feat),KQCYCB2WBA,22.62,0.4835,50.15,47.83,0.8417,0.4016,1.58
BLOOM 7B,hin_Deva,eng_Latn,FLORES,Samanantar,CTQ (3-feat),VS1QTRNYYG,23.46,0.4963,51.42,49.03,0.8439,0.399,1.38
BLOOM 7B,hin_Deva,eng_Latn,FLORES,Samanantar,PPL-SrcTgt,EDLH0CPBK5,21.28,0.4539,49.44,47,0.8344,0.4073,2.77
BLOOM 7B,hin_Deva,eng_Latn,FLORES,Samanantar,PPL-SrcTgtIn,5M33AWGLFB,22.57,0.4611,50.17,47.83,0.8364,0.3932,2.57
BLOOM 7B,hin_Deva,eng_Latn,FLORES,Samanantar,NumTokSrc,0CVHZDTO59,21.2,0.4223,49.09,46.71,0.8273,0.3734,3.56
BLOOM 7B,hin_Deva,eng_Latn,FLORES,Samanantar,NumTokTgt,JCIEKFR7F7,20.62,0.3933,48.3,45.9,0.8213,0.3806,3.66
BLOOM 7B,hin_Deva,eng_Latn,FLORES,Samanantar,CTQ (ours),LJHMGVNBMZ,23,0.5003,51.44,49.03,0.8437,0.3959,0.69
BLOOM 7B,guj_Gujr,eng_Latn,FLORES,Samanantar,Random Selection,P9QH5P2LFY,17.18,0.3827,44.37,42.12,0.8199,0.3642,0.59
BLOOM 7B,guj_Gujr,eng_Latn,FLORES,Samanantar,BM25,JXL3KL173R,17.08,0.3842,44.04,41.82,0.8212,0.3688,0.59
BLOOM 7B,guj_Gujr,eng_Latn,FLORES,Samanantar,R-BM25,4D5O4F9W6K,16.91,0.3816,44.09,41.84,0.8197,0.3745,0.89
BLOOM 7B,guj_Gujr,eng_Latn,FLORES,Samanantar,CmtQE-InSrc,0R0178D58Z,16.44,0.3802,43.43,41.16,0.8196,0.3855,0.49
BLOOM 7B,guj_Gujr,eng_Latn,FLORES,Samanantar,CmtQE-InTgt,XKGW3XOC8O,16.95,0.4028,44.02,41.74,0.8246,0.4002,0.40
BLOOM 7B,guj_Gujr,eng_Latn,FLORES,Samanantar,CmtQE-SrcTgt,ZYWI1VQWKQ,17.29,0.3879,44.78,42.54,0.8222,0.3768,0.79
BLOOM 7B,guj_Gujr,eng_Latn,FLORES,Samanantar,chrF-InSrc,FFAK6G5QP8,16.33,0.3808,43.62,41.43,0.8176,0.3683,0.59
BLOOM 7B,guj_Gujr,eng_Latn,FLORES,Samanantar,LaBSE-InSrc,BUD0M265OB,16.64,0.3771,43.39,41.18,0.8189,0.3744,0.40
BLOOM 7B,guj_Gujr,eng_Latn,FLORES,Samanantar,LaBSE-InTgt,LLAIBBEIRP,16.83,0.387,43.65,41.51,0.821,0.3785,0.59
BLOOM 7B,guj_Gujr,eng_Latn,FLORES,Samanantar,LaBSE-SrcTgt,I0E05II0MK,17.47,0.4002,45.59,43.26,0.8228,0.3659,1.19
BLOOM 7B,guj_Gujr,eng_Latn,FLORES,Samanantar,ScAvg (3-feat),WMZNC3PY3X,17.81,0.412,45.14,42.91,0.8266,0.3814,0.59
BLOOM 7B,guj_Gujr,eng_Latn,FLORES,Samanantar,CTQ (3-feat),8J1W198XPE,17.56,0.4065,44.71,42.46,0.8244,0.3755,0.59
BLOOM 7B,guj_Gujr,eng_Latn,FLORES,Samanantar,PPL-SrcTgt,A1OTNQGOH8,17.32,0.4091,44.93,42.62,0.8285,0.3937,1.28
BLOOM 7B,guj_Gujr,eng_Latn,FLORES,Samanantar,PPL-SrcTgtIn,1EUTL7YYOH,17.4,0.4127,45.04,42.71,0.8278,0.3926,0.89
BLOOM 7B,guj_Gujr,eng_Latn,FLORES,Samanantar,NumTokSrc,UHOO51HDXF,17.07,0.3953,44.6,42.25,0.8239,0.386,0.69
BLOOM 7B,guj_Gujr,eng_Latn,FLORES,Samanantar,NumTokTgt,HJKSFKR46I,16.02,0.3506,42.95,40.58,0.8131,0.3855,0.89
BLOOM 7B,guj_Gujr,eng_Latn,FLORES,Samanantar,CTQ (ours),RUYOGZ89I9,18.26,0.4177,45.25,43.01,0.8271,0.3856,0.40
BLOOM 7B,ben_Beng,eng_Latn,FLORES,Samanantar,Random Selection,8RHV4PWJOQ,18.6,0.4007,46.1,43.8,0.8261,0.354,1.28
BLOOM 7B,ben_Beng,eng_Latn,FLORES,Samanantar,BM25,A7OVPCLE0B,19.43,0.3893,46.39,44.11,0.8238,0.3541,1.38
BLOOM 7B,ben_Beng,eng_Latn,FLORES,Samanantar,R-BM25,95EDOIOGS0,19.11,0.3997,46.66,44.29,0.825,0.3621,0.99
BLOOM 7B,ben_Beng,eng_Latn,FLORES,Samanantar,CmtQE-InSrc,P0OFOCV8L2,18.48,0.3917,45.54,43.2,0.8253,0.3756,0.79
BLOOM 7B,ben_Beng,eng_Latn,FLORES,Samanantar,CmtQE-InTgt,WNZ6NN7L54,18.85,0.4033,45.89,43.53,0.8279,0.3848,1.19
BLOOM 7B,ben_Beng,eng_Latn,FLORES,Samanantar,CmtQE-SrcTgt,BVUPQQ9A63,18.62,0.3979,46.09,43.81,0.8272,0.3674,0.99
BLOOM 7B,ben_Beng,eng_Latn,FLORES,Samanantar,chrF-InSrc,XUYRRKONQA,18.82,0.3763,46.11,43.78,0.8218,0.3532,1.28
BLOOM 7B,ben_Beng,eng_Latn,FLORES,Samanantar,LaBSE-InSrc,4LP2DL98JT,19.54,0.4006,46.36,44.05,0.8256,0.3681,1.09
BLOOM 7B,ben_Beng,eng_Latn,FLORES,Samanantar,LaBSE-InTgt,K8YWY9LHWC,19.85,0.413,46.66,44.34,0.8294,0.3714,1.19
BLOOM 7B,ben_Beng,eng_Latn,FLORES,Samanantar,LaBSE-SrcTgt,QYJJT2CX72,18.99,0.4112,46.91,44.57,0.8296,0.3568,1.09
BLOOM 7B,ben_Beng,eng_Latn,FLORES,Samanantar,ScAvg (3-feat),Q8CPPD4LCD,20.7,0.4275,47.67,45.34,0.8328,0.3713,0.99
BLOOM 7B,ben_Beng,eng_Latn,FLORES,Samanantar,CTQ (3-feat),V5IQRKUOES,20.24,0.4207,47.94,45.55,0.8311,0.356,0.89
BLOOM 7B,ben_Beng,eng_Latn,FLORES,Samanantar,PPL-SrcTgt,FQ5R3GZDDF,19.42,0.4052,46.95,44.55,0.828,0.3669,1.09
BLOOM 7B,ben_Beng,eng_Latn,FLORES,Samanantar,PPL-SrcTgtIn,RX2XRWY13Y,19.64,0.3996,46.92,44.51,0.827,0.3682,1.78
BLOOM 7B,ben_Beng,eng_Latn,FLORES,Samanantar,NumTokSrc,SB1ME94KTN,19.14,0.3802,46.22,43.87,0.8236,0.3653,2.47
BLOOM 7B,ben_Beng,eng_Latn,FLORES,Samanantar,NumTokTgt,KOBESJTN2S,18.82,0.3944,46.26,43.83,0.8261,0.3738,1.58
BLOOM 7B,ben_Beng,eng_Latn,FLORES,Samanantar,CTQ (ours),OUK0AU6WP2,20.44,0.4299,47.79,45.42,0.8325,0.3696,0.79
XGLM 7B,fra_Latn,eng_Latn,FLORES,Europarl,Random Selection,4WXVA0GMGO,35.17,0.7089,61.59,59.82,0.8658,0.3302,0.10
XGLM 7B,fra_Latn,eng_Latn,FLORES,Europarl,BM25,RHU19P40E3,35.75,0.7082,61.89,60.1,0.8669,0.3251,0.40
XGLM 7B,fra_Latn,eng_Latn,FLORES,Europarl,R-BM25,MWWDKUBT33,35.38,0.7031,61.77,60.01,0.8666,0.3302,0.30
XGLM 7B,fra_Latn,eng_Latn,FLORES,Europarl,CmtQE-InSrc,363KZTHJ4V,35.69,0.6994,61.72,59.98,0.8655,0.3242,0.40
XGLM 7B,fra_Latn,eng_Latn,FLORES,Europarl,CmtQE-InTgt,AKPBO3FX8U,35.67,0.6982,61.83,60.04,0.8653,0.3263,0.49
XGLM 7B,fra_Latn,eng_Latn,FLORES,Europarl,CmtQE-SrcTgt,ITQ0OXIC23,35.29,0.6997,61.79,60,0.8656,0.3204,0.79
XGLM 7B,fra_Latn,eng_Latn,FLORES,Europarl,chrF-InSrc,4ZA91UXMNK,35.27,0.6949,61.69,59.93,0.8641,0.3171,0.79
XGLM 7B,fra_Latn,eng_Latn,FLORES,Europarl,LaBSE-InSrc,6MSJ4ZQJYG,35.52,0.7043,62,60.19,0.8666,0.3255,0.40
XGLM 7B,fra_Latn,eng_Latn,FLORES,Europarl,LaBSE-InTgt,PCOPYD7ZG7,35.02,0.7049,61.84,60.05,0.8664,0.3247,0.40
XGLM 7B,fra_Latn,eng_Latn,FLORES,Europarl,LaBSE-SrcTgt,G1PJ3D5ZNA,34.97,0.7007,61.88,60.06,0.8644,0.3212,0.69
XGLM 7B,fra_Latn,eng_Latn,FLORES,Europarl,ScAvg (3-feat),8Y3NYHYDQ1,35.57,0.7061,62.02,60.23,0.8665,0.3258,0.49
XGLM 7B,fra_Latn,eng_Latn,FLORES,Europarl,CTQ (3-feat),DTZMFEDI39,35.73,0.7085,62.2,60.42,0.8673,0.3274,0.40
XGLM 7B,fra_Latn,eng_Latn,FLORES,Europarl,PPL-SrcTgt,H0SDB4ALIB,35.34,0.7087,61.98,60.22,0.8671,0.3313,0.20
XGLM 7B,fra_Latn,eng_Latn,FLORES,Europarl,PPL-SrcTgtIn,X3GLO6L208,35.43,0.712,62.05,60.25,0.8685,0.3339,0.20
XGLM 7B,fra_Latn,eng_Latn,FLORES,Europarl,NumTokSrc,LDUTPURCEW,35.06,0.7057,61.3,59.5,0.8657,0.3283,0.10
XGLM 7B,fra_Latn,eng_Latn,FLORES,Europarl,NumTokTgt,3QKI411AY6,34.89,0.7066,61.47,59.71,0.8661,0.3285,0.10
XGLM 7B,fra_Latn,eng_Latn,FLORES,Europarl,CTQ (ours),EF5NYOKNP5,35.64,0.7128,61.92,60.18,0.8678,0.3345,0.20
XGLM 7B,deu_Latn,eng_Latn,FLORES,Europarl,Random Selection,R1DMEA35CP,33.91,0.6305,60.52,58.63,0.8636,0.4616,0.30
XGLM 7B,deu_Latn,eng_Latn,FLORES,Europarl,BM25,BISL8OWTNP,33.96,0.6214,60.37,58.47,0.8614,0.4491,0.30
XGLM 7B,deu_Latn,eng_Latn,FLORES,Europarl,R-BM25,ACCUEDA2FK,33.99,0.6294,60.18,58.29,0.8634,0.4627,0.10
XGLM 7B,deu_Latn,eng_Latn,FLORES,Europarl,CmtQE-InSrc,G39MQD90XC,34.56,0.6357,60.76,58.93,0.8643,0.4677,0.00
XGLM 7B,deu_Latn,eng_Latn,FLORES,Europarl,CmtQE-InTgt,79RCSXJSMI,34.91,0.6476,61.13,59.27,0.8661,0.4689,0.00
XGLM 7B,deu_Latn,eng_Latn,FLORES,Europarl,CmtQE-SrcTgt,6QY19Q8SJ3,34.89,0.6251,60.95,59.1,0.862,0.4524,0.49
XGLM 7B,deu_Latn,eng_Latn,FLORES,Europarl,chrF-InSrc,EH8WVC1VXU,33.28,0.5982,59.86,57.97,0.8562,0.4248,1.48
XGLM 7B,deu_Latn,eng_Latn,FLORES,Europarl,LaBSE-InSrc,ZWTCZIBSW8,34.28,0.635,60.76,58.89,0.8631,0.4568,0.20
XGLM 7B,deu_Latn,eng_Latn,FLORES,Europarl,LaBSE-InTgt,J0GP9LVWBB,33.97,0.6196,60.44,58.52,0.8612,0.4503,0.59
XGLM 7B,deu_Latn,eng_Latn,FLORES,Europarl,LaBSE-SrcTgt,ZOU2EO8EP6,34.02,0.6207,60.89,58.98,0.861,0.4421,0.79
XGLM 7B,deu_Latn,eng_Latn,FLORES,Europarl,ScAvg (3-feat),NSH7BIHAUG,34.17,0.6263,60.9,59.03,0.8619,0.4461,0.69
XGLM 7B,deu_Latn,eng_Latn,FLORES,Europarl,CTQ (3-feat),ZZ1D58XOI0,34.58,0.6377,60.93,59.06,0.8642,0.4596,0.10
XGLM 7B,deu_Latn,eng_Latn,FLORES,Europarl,PPL-SrcTgt,P0S7PQT84Z,34.46,0.6362,60.86,58.98,0.8638,0.4598,0.00
XGLM 7B,deu_Latn,eng_Latn,FLORES,Europarl,PPL-SrcTgtIn,LXU135WZ2Z,34.55,0.6316,61.01,59.1,0.8637,0.4554,0.20
XGLM 7B,deu_Latn,eng_Latn,FLORES,Europarl,NumTokSrc,24LTDOGHIP,33.98,0.6188,60.41,58.48,0.8619,0.4538,0.10
XGLM 7B,deu_Latn,eng_Latn,FLORES,Europarl,NumTokTgt,TDWFV1NTW1,33.6,0.6195,60.02,58.12,0.8608,0.4565,0.20
XGLM 7B,deu_Latn,eng_Latn,FLORES,Europarl,CTQ (ours),EPXXZAAJNC,34.92,0.6477,61.19,59.35,0.8666,0.4692,0.10
XGLM 7B,rus_Cyrl,eng_Latn,FLORES,Paracrawl,Random Selection,BX1MQOBQT1,26.66,0.494,55.08,52.87,0.8288,0.3347,0.49
XGLM 7B,rus_Cyrl,eng_Latn,FLORES,Paracrawl,BM25,RQSP2HK60G,25.96,0.4576,54.3,52.07,0.8234,0.3136,1.78
XGLM 7B,rus_Cyrl,eng_Latn,FLORES,Paracrawl,R-BM25,V3H1C0P30M,26.37,0.4928,54.97,52.74,0.8295,0.3364,0.69
XGLM 7B,rus_Cyrl,eng_Latn,FLORES,Paracrawl,CmtQE-InSrc,DHZPI27C2O,26.73,0.5025,55.03,52.86,0.8318,0.3486,0.49
XGLM 7B,rus_Cyrl,eng_Latn,FLORES,Paracrawl,CmtQE-InTgt,JGFA2ZNKM1,26.91,0.5115,55.15,52.97,0.8334,0.3535,0.20
XGLM 7B,rus_Cyrl,eng_Latn,FLORES,Paracrawl,CmtQE-SrcTgt,P5WPPQZ1NL,26.6,0.4667,54.64,52.42,0.8248,0.3179,1.68
XGLM 7B,rus_Cyrl,eng_Latn,FLORES,Paracrawl,chrF-InSrc,A5X815AGH9,24.69,0.4013,53.67,51.43,0.8082,0.2526,4.35
XGLM 7B,rus_Cyrl,eng_Latn,FLORES,Paracrawl,LaBSE-InSrc,GZZ658OH32,26.41,0.4804,55.02,52.78,0.8271,0.3238,1.48
XGLM 7B,rus_Cyrl,eng_Latn,FLORES,Paracrawl,LaBSE-InTgt,M778UYD7EM,25.53,0.4465,54.29,52.03,0.8196,0.2964,2.17
XGLM 7B,rus_Cyrl,eng_Latn,FLORES,Paracrawl,LaBSE-SrcTgt,0S0O3S6AG8,24.66,0.3959,53.29,51.02,0.807,0.2445,4.05
XGLM 7B,rus_Cyrl,eng_Latn,FLORES,Paracrawl,ScAvg (3-feat),A06P58GKIO,25.54,0.4399,54.39,52.13,0.8182,0.2914,2.37
XGLM 7B,rus_Cyrl,eng_Latn,FLORES,Paracrawl,CTQ (3-feat),ZMV2EHED3T,26.79,0.4931,55.54,53.34,0.8293,0.3282,0.99
XGLM 7B,rus_Cyrl,eng_Latn,FLORES,Paracrawl,PPL-SrcTgt,A80FFWHGZO,26.7,0.4722,54.89,52.64,0.8259,0.3191,0.69
XGLM 7B,rus_Cyrl,eng_Latn,FLORES,Paracrawl,PPL-SrcTgtIn,2A61U69L6L,26.93,0.4705,54.89,52.65,0.8254,0.3176,0.59
XGLM 7B,rus_Cyrl,eng_Latn,FLORES,Paracrawl,NumTokSrc,7WIEXPPPI9,26.34,0.475,54.58,52.35,0.8266,0.3257,0.49
XGLM 7B,rus_Cyrl,eng_Latn,FLORES,Paracrawl,NumTokTgt,XSMNDVGFOA,25.89,0.4538,54.05,51.8,0.8232,0.3222,0.30
XGLM 7B,rus_Cyrl,eng_Latn,FLORES,Paracrawl,CTQ (ours),E2A3COL3N3,27.34,0.5085,55.6,53.41,0.8331,0.3486,0.40
BLOOM 7B,eng_Latn,hin_Deva,FLORES,Samanantar,Random Selection,NEOK73KFUP,13.64,0.3077,37.23,35.51,0.7044,0.1755,4.84
BLOOM 7B,eng_Latn,hin_Deva,FLORES,Samanantar,BM25,HEDZOL94VB,13.89,0.2816,38.33,36.44,0.7048,0.1671,4.15
BLOOM 7B,eng_Latn,hin_Deva,FLORES,Samanantar,R-BM25,9B2EBTAEKN,14.18,0.3079,38.33,36.5,0.7091,0.1919,3.06
BLOOM 7B,eng_Latn,hin_Deva,FLORES,Samanantar,CmtQE-InSrc,6WA1DX79GS,14.02,0.3081,38.05,36.19,0.7091,0.1964,3.36
BLOOM 7B,eng_Latn,hin_Deva,FLORES,Samanantar,CmtQE-InTgt,EUIM94IDXP,13.35,0.3513,37.82,35.89,0.7177,0.2413,2.47
BLOOM 7B,eng_Latn,hin_Deva,FLORES,Samanantar,CmtQE-SrcTgt,KDE1LIILN6,13.46,0.3075,37.26,35.51,0.7086,0.2101,4.05
BLOOM 7B,eng_Latn,hin_Deva,FLORES,Samanantar,chrF-InSrc,LC0I33ZNHJ,13.73,0.2896,37.91,36.04,0.7046,0.1857,2.87
BLOOM 7B,eng_Latn,hin_Deva,FLORES,Samanantar,LaBSE-InSrc,56C1VNMVCJ,14.02,0.2989,37.96,36.11,0.7052,0.181,2.77
BLOOM 7B,eng_Latn,hin_Deva,FLORES,Samanantar,LaBSE-InTgt,Q8KUJ23ATJ,14.64,0.3372,38.98,37.1,0.7147,0.1922,3.26
BLOOM 7B,eng_Latn,hin_Deva,FLORES,Samanantar,LaBSE-SrcTgt,N5AWGGAC4K,15.16,0.255,39.33,37.52,0.696,0.128,4.25
BLOOM 7B,eng_Latn,hin_Deva,FLORES,Samanantar,ScAvg (3-feat),CINJ53CIIR,15.24,0.3503,39.95,38.07,0.7174,0.1866,3.16
BLOOM 7B,eng_Latn,hin_Deva,FLORES,Samanantar,CTQ (3-feat),XTAQHN6DG3,15.32,0.3463,40.05,38.18,0.7166,0.1846,3.75
BLOOM 7B,eng_Latn,hin_Deva,FLORES,Samanantar,PPL-SrcTgt,I33BL743QS,15.14,0.3172,39.46,37.65,0.7113,0.1855,3.85
BLOOM 7B,eng_Latn,hin_Deva,FLORES,Samanantar,PPL-SrcTgtIn,GCF9YT1FEX,15.55,0.326,39.91,38.07,0.7133,0.1913,3.66
BLOOM 7B,eng_Latn,hin_Deva,FLORES,Samanantar,NumTokSrc,ZTDKNPUSP3,14.48,0.2856,38.53,36.74,0.7021,0.151,4.74
BLOOM 7B,eng_Latn,hin_Deva,FLORES,Samanantar,NumTokTgt,Y1X9M93XEG,14.32,0.2726,38.42,36.62,0.7022,0.1576,4.35
BLOOM 7B,eng_Latn,hin_Deva,FLORES,Samanantar,CTQ (ours),B3B75LOFCD,14.18,0.3336,38.33,36.45,0.712,0.2195,3.36
BLOOM 7B,eng_Latn,guj_Gujr,FLORES,Samanantar,Random Selection,J3P0LI2JBQ,4.61,-0.1517,23.13,21.46,0.663,0.033,6.62
BLOOM 7B,eng_Latn,guj_Gujr,FLORES,Samanantar,BM25,B0EEKE40BZ,4.91,-0.0917,24.1,22.29,0.6734,0.0659,4.94
BLOOM 7B,eng_Latn,guj_Gujr,FLORES,Samanantar,R-BM25,NBI1LUOYBE,4.57,-0.0949,23.61,21.8,0.6751,0.0837,5.14
BLOOM 7B,eng_Latn,guj_Gujr,FLORES,Samanantar,CmtQE-InSrc,TWGIINCGRT,4.48,-0.0783,23.87,21.98,0.6834,0.1151,5.24
BLOOM 7B,eng_Latn,guj_Gujr,FLORES,Samanantar,CmtQE-InTgt,I7ATXDNMU2,4.35,0.0351,24.49,22.56,0.7067,0.2225,3.75
BLOOM 7B,eng_Latn,guj_Gujr,FLORES,Samanantar,CmtQE-SrcTgt,K3I2VLRGCJ,4.75,-0.0306,24.29,22.48,0.6944,0.1692,4.45
BLOOM 7B,eng_Latn,guj_Gujr,FLORES,Samanantar,chrF-InSrc,9RP3SRFV1D,4.52,-0.1034,23.75,21.95,0.6732,0.0822,5.43
BLOOM 7B,eng_Latn,guj_Gujr,FLORES,Samanantar,LaBSE-InSrc,CXV6TY2OCQ,4.65,-0.0299,24.27,22.4,0.691,0.1542,3.95
BLOOM 7B,eng_Latn,guj_Gujr,FLORES,Samanantar,LaBSE-InTgt,IVBTJ576FF,4.93,-0.0359,24.67,22.8,0.6936,0.1361,4.45
BLOOM 7B,eng_Latn,guj_Gujr,FLORES,Samanantar,LaBSE-SrcTgt,G8ECQPE1XU,4.99,-0.1295,24.43,22.71,0.6686,0.0429,6.42
BLOOM 7B,eng_Latn,guj_Gujr,FLORES,Samanantar,ScAvg (3-feat),78KIC2PM4G,5.29,-0.0171,25.1,23.27,0.6953,0.1454,4.45
BLOOM 7B,eng_Latn,guj_Gujr,FLORES,Samanantar,CTQ (3-feat),JL23W25R24,4.9,-0.0543,24.63,22.76,0.6897,0.1372,5.63
BLOOM 7B,eng_Latn,guj_Gujr,FLORES,Samanantar,PPL-SrcTgt,0EUKGY2M87,5.27,-0.0405,25.24,23.32,0.691,0.1394,5.14
BLOOM 7B,eng_Latn,guj_Gujr,FLORES,Samanantar,PPL-SrcTgtIn,YVY8JGCJWJ,5.1,0.0031,25.51,23.59,0.703,0.1777,3.75
BLOOM 7B,eng_Latn,guj_Gujr,FLORES,Samanantar,NumTokSrc,SD36AMS9V3,4.84,-0.0877,23.84,22.05,0.6788,0.0997,4.35
BLOOM 7B,eng_Latn,guj_Gujr,FLORES,Samanantar,NumTokTgt,40XW20XJ0U,4.93,-0.0705,24.69,22.75,0.6871,0.1171,5.83
BLOOM 7B,eng_Latn,guj_Gujr,FLORES,Samanantar,CTQ (ours),S9SA764F0Y,5.07,0.0415,25.22,23.38,0.7121,0.2186,3.85
BLOOM 7B,eng_Latn,ben_Beng,FLORES,Samanantar,Random Selection,IWHBZGHV95,5.25,0.2119,32.05,28.45,0.7732,0.2559,2.27
BLOOM 7B,eng_Latn,ben_Beng,FLORES,Samanantar,BM25,MQM0BEXEWU,5.93,0.2396,34.2,30.39,0.7769,0.2448,1.98
BLOOM 7B,eng_Latn,ben_Beng,FLORES,Samanantar,R-BM25,73QO6P9MNA,5.85,0.2452,34.18,30.34,0.7792,0.2499,1.58
BLOOM 7B,eng_Latn,ben_Beng,FLORES,Samanantar,CmtQE-InSrc,4F8I59KYER,5.74,0.2551,34.06,30.21,0.7823,0.2761,1.28
BLOOM 7B,eng_Latn,ben_Beng,FLORES,Samanantar,CmtQE-InTgt,A7M2VHAS7F,5.4,0.2656,33.13,29.29,0.7848,0.3085,1.09
BLOOM 7B,eng_Latn,ben_Beng,FLORES,Samanantar,CmtQE-SrcTgt,ZSX8NSQV0N,5.41,0.2665,33.08,29.28,0.7857,0.3072,1.19
BLOOM 7B,eng_Latn,ben_Beng,FLORES,Samanantar,chrF-InSrc,7JHK5YXSQK,6.02,0.2411,33.96,30.14,0.7777,0.2528,1.58
BLOOM 7B,eng_Latn,ben_Beng,FLORES,Samanantar,LaBSE-InSrc,EU0IVC2ZG3,5.96,0.2432,33.81,29.94,0.7795,0.2642,1.48
BLOOM 7B,eng_Latn,ben_Beng,FLORES,Samanantar,LaBSE-InTgt,1A5NP5UL0A,6.03,0.2845,34.68,30.79,0.788,0.2787,1.48
BLOOM 7B,eng_Latn,ben_Beng,FLORES,Samanantar,LaBSE-SrcTgt,R6XE9NCOGJ,6.78,0.2301,35.05,31.33,0.7762,0.2287,2.96
BLOOM 7B,eng_Latn,ben_Beng,FLORES,Samanantar,ScAvg (3-feat),UR71R2E6QN,6.59,0.2662,35.37,31.49,0.7838,0.2574,1.98
BLOOM 7B,eng_Latn,ben_Beng,FLORES,Samanantar,CTQ (3-feat),RSNBRTP1TW,6.27,0.2772,35.23,31.32,0.7856,0.2686,1.38
BLOOM 7B,eng_Latn,ben_Beng,FLORES,Samanantar,PPL-SrcTgt,ILEP3C2O7V,6.78,0.3087,35.78,31.86,0.7926,0.2826,1.68
BLOOM 7B,eng_Latn,ben_Beng,FLORES,Samanantar,PPL-SrcTgtIn,P1T17DBGQH,6.52,0.2869,35.66,31.74,0.7889,0.2669,2.08
BLOOM 7B,eng_Latn,ben_Beng,FLORES,Samanantar,NumTokSrc,K9TMRRW13P,6.72,0.317,36.13,32.19,0.7937,0.2829,0.99
BLOOM 7B,eng_Latn,ben_Beng,FLORES,Samanantar,NumTokTgt,LFI0ZHSB8V,6.56,0.3204,36.11,32.15,0.7918,0.2785,1.38
BLOOM 7B,eng_Latn,ben_Beng,FLORES,Samanantar,CTQ (ours),RGR9KZ9KXL,5.77,0.2602,33.68,29.85,0.7856,0.3006,1.48
XGLM 7B,eng_Latn,fra_Latn,FLORES,Europarl,Random Selection,BHCEXRG4YJ,29.13,0.4069,55.06,52.65,0.8022,0.2,0.89
XGLM 7B,eng_Latn,fra_Latn,FLORES,Europarl,BM25,PNWTISVW1Z,29.79,0.4157,55.59,53.21,0.8024,0.1967,1.58
XGLM 7B,eng_Latn,fra_Latn,FLORES,Europarl,R-BM25,ASMJQMZ5QF,29.57,0.417,55.5,53.1,0.8023,0.1893,1.38
XGLM 7B,eng_Latn,fra_Latn,FLORES,Europarl,CmtQE-InSrc,KVRZHMAV0V,30.62,0.4372,56.28,53.89,0.806,0.1986,1.68
XGLM 7B,eng_Latn,fra_Latn,FLORES,Europarl,CmtQE-InTgt,OTX50S6YHV,30.46,0.4438,56.06,53.66,0.8089,0.2107,1.28
XGLM 7B,eng_Latn,fra_Latn,FLORES,Europarl,CmtQE-SrcTgt,Y1AQWF0CJ0,29.75,0.4027,55.25,52.9,0.8014,0.1947,1.58
XGLM 7B,eng_Latn,fra_Latn,FLORES,Europarl,chrF-InSrc,XBUVGBXLJT,29.9,0.3877,55.27,52.89,0.798,0.1733,1.78
XGLM 7B,eng_Latn,fra_Latn,FLORES,Europarl,LaBSE-InSrc,RWECLE17OC,30.48,0.4091,55.89,53.55,0.8032,0.1912,1.68
XGLM 7B,eng_Latn,fra_Latn,FLORES,Europarl,LaBSE-InTgt,EJ7C6WAIKE,29.85,0.3885,55.56,53.15,0.801,0.1848,1.48
XGLM 7B,eng_Latn,fra_Latn,FLORES,Europarl,LaBSE-SrcTgt,KPKV1HPBOV,29.22,0.3537,54.88,52.46,0.7917,0.1461,3.16
XGLM 7B,eng_Latn,fra_Latn,FLORES,Europarl,ScAvg (3-feat),KVPAKC78ZI,30.34,0.4108,55.84,53.48,0.8031,0.1977,1.98
XGLM 7B,eng_Latn,fra_Latn,FLORES,Europarl,CTQ (3-feat),9BAST6IXGM,30.4,0.4214,55.95,53.55,0.8041,0.1929,1.78
XGLM 7B,eng_Latn,fra_Latn,FLORES,Europarl,PPL-SrcTgt,P27XFIV9WG,30.76,0.4228,56.47,54.07,0.8036,0.1888,0.99
XGLM 7B,eng_Latn,fra_Latn,FLORES,Europarl,PPL-SrcTgtIn,SESZO2IAL1,29.64,0.3628,55.4,53,0.7957,0.1598,0.89
XGLM 7B,eng_Latn,fra_Latn,FLORES,Europarl,NumTokSrc,HXDNVCJBHA,29.39,0.3626,55.31,52.86,0.7969,0.1525,0.99
XGLM 7B,eng_Latn,fra_Latn,FLORES,Europarl,NumTokTgt,1MFCI8FTR7,29.26,0.3504,55.1,52.66,0.7938,0.1507,1.09
XGLM 7B,eng_Latn,fra_Latn,FLORES,Europarl,CTQ (ours),Y8A2ZVIYM0,29.58,0.4141,55.42,52.99,0.8037,0.1876,1.28
XGLM 7B,eng_Latn,deu_Latn,FLORES,Europarl,Random Selection,34FU0HSQ0A,20.48,0.3407,50.5,47.4,0.7941,0.309,1.09
XGLM 7B,eng_Latn,deu_Latn,FLORES,Europarl,BM25,XSRXJO8ZJK,21.16,0.3504,51.17,48.07,0.7985,0.3078,1.28
XGLM 7B,eng_Latn,deu_Latn,FLORES,Europarl,R-BM25,PGFV4CO82G,21.07,0.368,51.08,47.97,0.799,0.3222,0.59
XGLM 7B,eng_Latn,deu_Latn,FLORES,Europarl,CmtQE-InSrc,Y80KDAGVUE,21.07,0.3744,51.22,48.15,0.8028,0.3268,0.99
XGLM 7B,eng_Latn,deu_Latn,FLORES,Europarl,CmtQE-InTgt,PS542GXACX,21.38,0.3784,51.17,48.12,0.803,0.3438,1.09
XGLM 7B,eng_Latn,deu_Latn,FLORES,Europarl,CmtQE-SrcTgt,R4FPYXF6ZK,20.8,0.3609,50.75,47.68,0.7966,0.3252,0.89
XGLM 7B,eng_Latn,deu_Latn,FLORES,Europarl,chrF-InSrc,JFKMFVW16Y,21.08,0.3453,50.87,47.82,0.795,0.3088,1.38
XGLM 7B,eng_Latn,deu_Latn,FLORES,Europarl,LaBSE-InSrc,Z5WNY03RBO,20.83,0.3325,51.15,48.06,0.7942,0.3048,1.19
XGLM 7B,eng_Latn,deu_Latn,FLORES,Europarl,LaBSE-InTgt,BL0HDBTLOK,20.88,0.3552,51.1,48.01,0.7983,0.3159,1.19
XGLM 7B,eng_Latn,deu_Latn,FLORES,Europarl,LaBSE-SrcTgt,ASUXKK34BY,21.6,0.3273,51.26,48.17,0.7917,0.3036,2.37
XGLM 7B,eng_Latn,deu_Latn,FLORES,Europarl,ScAvg (3-feat),LF35QZ1OR0,21.21,0.3436,51.32,48.22,0.7988,0.3107,1.19
XGLM 7B,eng_Latn,deu_Latn,FLORES,Europarl,CTQ (3-feat),A7N1OY5VFH,21.64,0.3617,51.78,48.65,0.7984,0.309,0.79
XGLM 7B,eng_Latn,deu_Latn,FLORES,Europarl,PPL-SrcTgt,995MAKO4ZZ,21.61,0.3639,51.59,48.57,0.7985,0.3121,0.59
XGLM 7B,eng_Latn,deu_Latn,FLORES,Europarl,PPL-SrcTgtIn,Z69N2XUD2Z,21.22,0.3142,51.18,48.08,0.7908,0.2793,0.69
XGLM 7B,eng_Latn,deu_Latn,FLORES,Europarl,NumTokSrc,FE8J8S44UI,21,0.2999,50.88,47.75,0.7871,0.2727,0.79
XGLM 7B,eng_Latn,deu_Latn,FLORES,Europarl,NumTokTgt,HLMCYL3EK1,20.95,0.3168,50.98,47.86,0.7904,0.2786,0.49
XGLM 7B,eng_Latn,deu_Latn,FLORES,Europarl,CTQ (ours),EIWZ2S0SRK,21.86,0.3805,51.69,48.66,0.8022,0.3322,0.59
XGLM 7B,eng_Latn,rus_Cyrl,FLORES,Paracrawl,Random Selection,A7OEVGO66T,17.99,0.3355,46.17,43.14,0.8011,0.2309,1.09
XGLM 7B,eng_Latn,rus_Cyrl,FLORES,Paracrawl,BM25,W0OBRA6CER,18.43,0.376,46.61,43.53,0.8145,0.2749,1.78
XGLM 7B,eng_Latn,rus_Cyrl,FLORES,Paracrawl,R-BM25,RVQYO048VG,18.54,0.3959,46.94,43.83,0.82,0.2907,1.28
XGLM 7B,eng_Latn,rus_Cyrl,FLORES,Paracrawl,CmtQE-InSrc,IFFQNX43BA,18.27,0.3992,46.53,43.41,0.8219,0.3052,1.09
XGLM 7B,eng_Latn,rus_Cyrl,FLORES,Paracrawl,CmtQE-InTgt,NGRRMBO47R,17.94,0.4446,46.34,43.23,0.8327,0.3464,0.99
XGLM 7B,eng_Latn,rus_Cyrl,FLORES,Paracrawl,CmtQE-SrcTgt,2A0HKJ575U,17.85,0.4057,46.25,43.13,0.8273,0.3306,1.58
XGLM 7B,eng_Latn,rus_Cyrl,FLORES,Paracrawl,chrF-InSrc,N6MU5IQG53,18.08,0.3673,46.43,43.33,0.814,0.2727,2.27
XGLM 7B,eng_Latn,rus_Cyrl,FLORES,Paracrawl,LaBSE-InSrc,TSGZVMCGC3,18.76,0.3939,46.83,43.76,0.8196,0.2887,1.68
XGLM 7B,eng_Latn,rus_Cyrl,FLORES,Paracrawl,LaBSE-InTgt,R3ZGWSYR9B,19.01,0.4093,47.24,44.13,0.8223,0.2982,1.48
XGLM 7B,eng_Latn,rus_Cyrl,FLORES,Paracrawl,LaBSE-SrcTgt,DAS6TADTTN,18.14,0.3176,45.97,42.9,0.8013,0.2293,3.95
XGLM 7B,eng_Latn,rus_Cyrl,FLORES,Paracrawl,ScAvg (3-feat),R95D8MR9MZ,18.43,0.3942,47.15,43.97,0.8178,0.2801,1.38
XGLM 7B,eng_Latn,rus_Cyrl,FLORES,Paracrawl,CTQ (3-feat),6XH6X9VDIX,19.13,0.4188,47.47,44.36,0.8243,0.3036,1.09
XGLM 7B,eng_Latn,rus_Cyrl,FLORES,Paracrawl,PPL-SrcTgt,HJSU3FWW3C,18.13,0.3771,46.21,43.1,0.8154,0.2819,1.38
XGLM 7B,eng_Latn,rus_Cyrl,FLORES,Paracrawl,PPL-SrcTgtIn,NX9N2FAEK9,18.51,0.376,46.72,43.56,0.8159,0.2765,1.28
XGLM 7B,eng_Latn,rus_Cyrl,FLORES,Paracrawl,NumTokSrc,8OFS6VGRM1,17.98,0.352,46.02,42.91,0.809,0.263,0.79
XGLM 7B,eng_Latn,rus_Cyrl,FLORES,Paracrawl,NumTokTgt,KEE3B4HWTZ,17.81,0.357,46.23,43.08,0.8112,0.2631,1.28
XGLM 7B,eng_Latn,rus_Cyrl,FLORES,Paracrawl,CTQ (ours),IVZAOAW53S,18.69,0.4426,47.18,44.04,0.831,0.3362,0.79